<?xml version="1.0" encoding="UTF-8"?>
<project-private xmlns="http://www.netbeans.org/ns/project-private/1">
    <editor-bookmarks xmlns="http://www.netbeans.org/ns/editor-bookmarks/2" lastBookmarkId="0"/>
    <open-files xmlns="http://www.netbeans.org/ns/projectui-open-files/2">
        <group>
            <file>file:/C:/Users/Dilani/Documents/NetBeansProjects/Shopper/web/register.html</file>
            <file>file:/C:/Users/Dilani/Documents/NetBeansProjects/Shopper/web/add_staff.jsp</file>
            <file>file:/C:/Users/Dilani/Documents/NetBeansProjects/Shopper/web/deliverHome.jsp</file>
            <file>file:/C:/Users/Dilani/Documents/NetBeansProjects/Shopper/web/add_Home.jsp</file>
            <file>file:/C:/Users/Dilani/Documents/NetBeansProjects/Shopper/web/register.jsp</file>
            <file>file:/C:/Users/Dilani/Documents/NetBeansProjects/Shopper/web/login.jsp</file>
            <file>file:/C:/Users/Dilani/Documents/NetBeansProjects/Shopper/web/editdeliver.jsp</file>
            <file>file:/C:/Users/Dilani/Documents/NetBeansProjects/Shopper/web/update_deliver.jsp</file>
        </group>
    </open-files>
</project-private>
